CODIGO_COR,DESCRICAO_COR,DESC_COR,QUANTIDADE,VARIACOES_APELIDO
504010130001,TINTA EM PO BRANCA,branca,3,"['branco', 'branco c /furo']"
504010130002,TINTA EM PO ROSA ESCURO,rosa escuro,1,['rosa escuro']
504010130006,TINTA EM PO AZUL ESCURO,azul escuro,2,['azul escuro']
504010130007,TINTA EM PO PRETA,preta,3,['preto']
504010130010,TINTA EM PO VERMELHO,vermelho,2,['vermelho']
504010130015,TINTA EM PO ROSA CLARO,rosa claro,5,"['c furo rosa claro', 'rosa claro', 'rosa claro c/ abraã§a']"
504010130019,TINTA EM PO LARANJA FOSCO,laranja fosco,1,['laranja']
504010130021,TINTA EM PO GRAFITE METALICO FOSCO,grafite metalico fosco,2,"['grafite', 'grafite /retrabalho']"
504010130025,TINTA EM PO LILAS - BANDEIRANTES,lilas - bandeirantes,2,['lilas']
504010130027,TINTA EM PO AZUL BRILHANTE FLEX,azul brilhante flex,1,['azul flex  mas']
504010130037,TINTA POLIESTER ROSA METALICO ARO 26,rosa metalico aro 26,3,"['rosa 26', 'rosa 26 c/ch c/abr']"
504010130039,TINTA POLIEST VERDE AQUA METALICO ARO 2 6,verde aqua metalico aro 2 6,1,['verde aqua c furo']
504010130042,TINTA EM PO AZUL CLARINHO 283,azul clarinho 283,1,['azul clarinho']
504010130061,TINTA EM PO PRETO FOSCO,preto fosco,3,"['preto fosco', 'raiada preto fosc']"
504010130067,TINTA EM PO ROSA CHICLETE,rosa chiclete,1,['rosa chiclete']
504010130069,TINTA EM PO AMARELO DOURADO,amarelo dourado,1,['amarelo dourado']
504010130071,TINTA EM PO CINZA,cinza,2,"['cinza', 'prata']"
504010130072,TINTA EM PO CORAL PINK,coral pink,1,['coral pink']
504010130074,TINTA EM PO PRETO W-ECO,preto w-eco,2,['w eco']
504010130084,TINTA HIBRID TGIC FREE ROSA ESCURO,tgic free rosa escuro,1,['rosa escuro']
504010130085,TINTA HIBRID TGIC FREE PRATA,tgic free prata,1,['prata free tgic']
504010130086,TINTA HIBRID TGIC FREE BRANCA,tgic free branca,1,['branco free tgic']
504010130087,TINTA HIBRID TGIC FREE AZUL BEBE,tgic free azul bebe,1,['azul clarinhofree']
504010130088,TINTA HIBRID TGIC FREE AMARELO DOURADO,tgic free amarelo dourado,1,['amarelo dourado free']
504010130089,TINTA HIBRID TGIC FREE VERDE AQUA PEROL,tgic free verde aqua perol,1,['free tgic verde aqua']
504010130090,TINTA HIBRID TGIC FREE ROSA BEBE,tgic free rosa bebe,3,"['rosa claro free', 'rosa claro free  tgic  c/re', 'rosa claro free tgic']"
504010130092,TINTA HIBRID TGIC FREE PRETO GRAFITE,tgic free preto grafite,3,"['free tgic preto', 'preto free tgic']"
504010130097,TINTA HIBRID TGIC FREE ROSA PEROLIZADO,tgic free rosa perolizado,2,"['rosa 26 free tgic', 'rosa pe /free tgic']"
504010130098,TINTA HIBRID TGIC FREE AZUL FLEX,tgic free azul flex,3,"['azul flex', 'azul flex free tgic']"
